Team,Task,Run,F1 (macro)
sandro272,A,528015,0.725795407622
sandro272,A,528117,0.781733353253
sandro272,A,528280,0.76672385405
sandro272,B,533291,0.681146584001
sandro272,B,533311,0.62481962482
sandro272,B,533313,0.653012048193
sandro272,C,536705,0.621218830205
sandro272,C,537472,0.537721089771
